pathology,n_images,pointing_game,mean_iou
Atelectasis,180.0,0.1889,0.0705
Cardiomegaly,146.0,0.5548,0.2377
Effusion,153.0,0.281,0.1083
Infiltration,123.0,0.439,0.1509
Mass,85.0,0.3765,0.0861
Nodule,79.0,0.2278,0.0225
Pneumonia,120.0,0.3833,0.1495
Pneumothorax,98.0,0.0816,0.0496
MEAN,123.0,0.31661249999999996,0.10938749999999998
