pathology,n_images,pointing_game,mean_iou
Atelectasis,180.0,0.1889,0.0716
Cardiomegaly,146.0,0.6301,0.2394
Effusion,153.0,0.2941,0.1076
Infiltration,123.0,0.4228,0.1512
Mass,85.0,0.3176,0.0874
Nodule,79.0,0.2025,0.0205
Pneumonia,120.0,0.3667,0.1481
Pneumothorax,98.0,0.0612,0.0498
MEAN,123.0,0.31048749999999997,0.10945000000000002
