pathology,n_images,pointing_game,mean_iou
Atelectasis,180.0,0.2611,0.0758
Cardiomegaly,146.0,0.6781,0.2716
Effusion,153.0,0.268,0.1048
Infiltration,123.0,0.3984,0.1576
Mass,85.0,0.3529,0.0885
Nodule,79.0,0.1646,0.0199
Pneumonia,120.0,0.35,0.1489
Pneumothorax,98.0,0.0714,0.0445
MEAN,123.0,0.31806249999999997,0.11395
